ppu;terminal;unidad;empresa;interno;tipo_bus;tipo_flota;es_soporte;es_auxiliar
SHCY11;EL RETIRO;U8;US1;1002;A2;FOB;0;0
SHCY32;EL RETIRO;U8;US1;1003;A2;FOB;0;0
SHCY33;EL RETIRO;U8;US1;1004;A2;FOB;0;0
SHCY34;EL RETIRO;U8;US1;1005;A2;FOB;0;0
SHCY39;EL RETIRO;U8;US1;1008;A2;FR;0;0
SHCY40;EL RETIRO;U8;US1;1009;A2;FR;0;0
SHCY46;EL RETIRO;U8;US1;1010;A2;FOB;0;0
SHCY47;EL RETIRO;U8;US1;1011;A2;FOB;0;0
SHCY49;EL RETIRO;U8;US1;1012;A2;FOB;0;0
SHCY50;EL RETIRO;U8;US1;1013;A2;FOB;0;0
SHCY55;EL RETIRO;U8;US1;1015;A2;FOB;0;0
LXDH97;EL RETIRO;U8;US1;2055;B2;FOB;0;0
LXDJ16;EL RETIRO;U8;US1;2064;B2;FOB;0;0
LXDJ22;EL RETIRO;U8;US1;2070;B2;FOB;0;0
SHXF30;EL RETIRO;U8;US1;4035;C2;FOB;0;0
SHXG17;EL RETIRO;U8;US1;4036;C2;FOB;0;0
SHXG31;EL RETIRO;U8;US1;4038;C2;FOB;0;0
SHXG34;EL RETIRO;U8;US1;4040;C2;FOB;0;0
SJPC36;EL RETIRO;U8;US1;4043;C2;FR;0;0
SJPC37;EL RETIRO;U8;US1;4044;C2;FOB;0;0
SJPC41;EL RETIRO;U8;US1;4046;C2;FOB;0;0
SJPC45;EL RETIRO;U8;US1;4048;C2;FOB;0;0
SJPC48;EL RETIRO;U8;US1;4049;C2;FOB;0;0
SJPC49;EL RETIRO;U8;US1;4050;C2;FOB;0;0
SJPC52;EL RETIRO;U8;US1;4052;C2;FOB;0;0
SJPD89;EL RETIRO;U8;US1;4057;C2;FOB;0;0
SJPD90;EL RETIRO;U8;US1;4058;C2;FOB;0;0
SJPD91;EL RETIRO;U8;US1;4059;C2;FOB;0;0
SJPD93;EL RETIRO;U8;US1;4061;C2;FOB;0;0
SJPD95;EL RETIRO;U8;US1;4063;C2;FOB;0;0
SJPD96;EL RETIRO;U8;US1;4064;C2;FOB;0;0
SJPC68;EL RETIRO;U8;US1;4067;C2;FOB;0;0
SJPF87;EL RETIRO;U8;US1;4069;C2;FOB;0;0
LXDH84;EL RETIRO;U8;US1;2042;B2;FOB;0;0
LXDH85;EL RETIRO;U8;US1;2043;B2;FOB;0;0
LXDH98;EL RETIRO;U8;US1;2056;B2;FOB;0;0
LXDH86;EL RETIRO;U8;US1;2044;B2;FOB;0;0
LXDH87;EL RETIRO;U8;US1;2045;B2;FOB;0;0
LXDH89;EL RETIRO;U8;US1;2047;B2;FOB;0;0
LXDH90;EL RETIRO;U8;US1;2048;B2;FOB;0;0
LXDH91;EL RETIRO;U8;US1;2049;B2;FOB;0;0
LXDH92;EL RETIRO;U8;US1;2050;B2;FOB;0;0
LXDH93;EL RETIRO;U8;US1;2051;B2;FOB;0;0
LXDH94;EL RETIRO;U8;US1;2052;B2;FOB;0;0
LXDH95;EL RETIRO;U8;US1;2053;B2;FOB;0;0
LXDH96;EL RETIRO;U8;US1;2054;B2;FOB;0;0
LXDJ10;EL RETIRO;U8;US1;2058;B2;FOB;0;0
LXDJ11;EL RETIRO;U8;US1;2059;B2;FOB;0;0
LXDJ21;EL RETIRO;U8;US1;2069;B2;FOB;0;0
LXDJ12;EL RETIRO;U8;US1;2060;B2;FOB;0;0
LXDJ25;EL RETIRO;U8;US1;2073;B2;FOB;0;0
LXDJ24;EL RETIRO;U8;US1;2072;B2;FOB;0;0
LXDH99;EL RETIRO;U8;US1;2057;B2;FOB;0;0
LXDJ13;EL RETIRO;U8;US1;2061;B2;FOB;0;0
LXDJ14;EL RETIRO;U8;US1;2062;B2;FOB;0;0
LXDJ15;EL RETIRO;U8;US1;2063;B2;FOB;0;0
LXDJ19;EL RETIRO;U8;US1;2067;B2;FOB;0;0
LXDJ20;EL RETIRO;U8;US1;2068;B2;FOB;0;0
LXDH88;SANTA MARGARITA;U8;US1;2046;B2;FOB;0;0
LXDJ28;SANTA MARGARITA;U8;US1;2076;B2;FOB;0;0
LXDJ30;SANTA MARGARITA;U8;US1;2078;B2;FOB;0;0
LXDJ17;SANTA MARGARITA;U8;US1;2065;B2;FOB;0;0
LXDJ18;SANTA MARGARITA;U8;US1;2066;B2;FOB;0;0
LXDJ26;SANTA MARGARITA;U8;US1;2074;B2;FOB;0;0
LXDJ27;SANTA MARGARITA;U8;US1;2075;B2;FOB;0;0
LXDJ29;SANTA MARGARITA;U8;US1;2077;B2;FOB;0;0
LXDJ31;SANTA MARGARITA;U8;US1;2079;B2;FOB;0;0
SHCY17;SANTA MARGARITA;U8;US1;4027;C2;FOB;0;0
SHCY18;SANTA MARGARITA;U8;US1;4025;C2;FOB;0;0
SHXC20;SANTA MARGARITA;U8;US1;4026;C2;FOB;0;0
SHXD76;SANTA MARGARITA;U8;US1;4028;C2;FOB;0;0
SHXD78;SANTA MARGARITA;U8;US1;4029;C2;FOB;0;0
SHXF26;SANTA MARGARITA;U8;US1;4032;C2;FOB;0;0
SHXF27;SANTA MARGARITA;U8;US1;4033;C2;FOB;0;0
SHXF28;SANTA MARGARITA;U8;US1;4034;C2;FOB;0;0
SHXG32;SANTA MARGARITA;U8;US1;4039;C2;FOB;0;0
SJPC38;SANTA MARGARITA;U8;US1;4045;C2;FOB;0;0
SHXF24;SANTA MARGARITA;U8;US1;4030;C2;FOB;0;0
SHXG30;SANTA MARGARITA;U8;US1;4037;C2;FOB;0;0
SJPC44;SANTA MARGARITA;U8;US1;4047;C2;FOB;0;0
SJPC56;SANTA MARGARITA;U8;US1;4053;C2;FOB;0;0
SJPC66;SANTA MARGARITA;U8;US1;4054;C2;FOB;0;0
SJPC67;SANTA MARGARITA;U8;US1;4055;C2;FOB;0;0
SJPD92;SANTA MARGARITA;U8;US1;4060;C2;FOB;0;0
SJPD94;SANTA MARGARITA;U8;US1;4062;C2;FOB;0;0
SJPD99;SANTA MARGARITA;U8;US1;4065;C2;FOB;0;0
SHCX53;CONDELL;U8;US1;1000;A2;FOB;0;0
SHCY10;CONDELL;U8;US1;1001;A2;FOB;0;0
SHXF83;CONDELL;U8;US1;1018;A2;FOB;0;0
SHXG99;CONDELL;U8;US1;1019;A2;FOB;0;0
SHCY62;CONDELL;U8;US1;1020;A2;FOB;0;0
SHCY45;CONDELL;U8;US1;1021;A2;FOB;0;0
SHCY44;CONDELL;U8;US1;1022;A2;FOB;0;0
SHCY43;CONDELL;U8;US1;1023;A2;FR;0;0
SHXD83;CONDELL;U8;US1;1028;A2;FOB;0;0
SHCY38;CONDELL;U8;US1;1029;A2;FOB;0;0
LDJP73;CONDELL;U8;US1;2084;B2;FOB;0;0
LDJV43;CONDELL;U8;US1;2085;B2;FOB;0;0
LDJV46;CONDELL;U8;US1;2088;B2;FOB;0;0
LDJV48;CONDELL;U8;US1;2089;B2;FOB;0;0
LDJV49;CONDELL;U8;US1;2090;B2;FOB;0;0
LDJV51;CONDELL;U8;US1;2092;B2;FOB;0;0
LDJV52;CONDELL;U8;US1;2093;B2;FOB;0;0
LDJW29;CONDELL;U8;US1;2094;B2;FOB;0;0
LDJW48;CONDELL;U8;US1;2111;B2;FOB;0;0
SJTD55;CONDELL;U8;US1;3000;BE;FR;0;0
SJTD56;CONDELL;U8;US1;3001;BE;FR;0;0
SJTD57;CONDELL;U8;US1;3002;BE;FR;0;0
SJTD61;CONDELL;U8;US1;3004;BE;FR;0;0
SJTD62;CONDELL;U8;US1;3005;BE;FR;0;0
SJTD63;CONDELL;U8;US1;3006;BE;FR;0;0
SJTD64;CONDELL;U8;US1;3007;BE;FR;0;0
SJTD65;CONDELL;U8;US1;3008;BE;FR;0;0
SJTD66;CONDELL;U8;US1;3009;BE;FR;0;0
SKHF49;CONDELL;U8;US1;3010;BE;FOB;0;0
SKHF84;CONDELL;U8;US1;3011;BE;FOB;0;0
SKHF87;CONDELL;U8;US1;3012;BE;FOB;0;0
SKHF91;CONDELL;U8;US1;3013;BE;FOB;0;0
SKHF92;CONDELL;U8;US1;3014;BE;FOB;0;0
SKHG14;CONDELL;U8;US1;3015;BE;FOB;0;0
SKHG17;CONDELL;U8;US1;3016;BE;FOB;0;0
SKHG20;CONDELL;U8;US1;3017;BE;FOB;0;0
SKHG33;CONDELL;U8;US1;3018;BE;FOB;0;0
SKHG37;CONDELL;U8;US1;3019;BE;FOB;0;0
SKHG39;CONDELL;U8;US1;3020;BE;FOB;0;0
SKHG40;CONDELL;U8;US1;3021;BE;FOB;0;0
SKHG42;CONDELL;U8;US1;3022;BE;FOB;0;0
SKHG47;CONDELL;U8;US1;3023;BE;FOB;0;0
SKHG55;CONDELL;U8;US1;3024;BE;FOB;0;0
SKHG57;CONDELL;U8;US1;3025;BE;FOB;0;0
SKHG59;CONDELL;U8;US1;3026;BE;FOB;0;0
SKHG62;CONDELL;U8;US1;3027;BE;FOB;0;0
SKHG65;CONDELL;U8;US1;3028;BE;FOB;0;0
SKHG69;CONDELL;U8;US1;3029;BE;FOB;0;0
SKHG70;CONDELL;U8;US1;3030;BE;FOB;0;0
SKHG73;CONDELL;U8;US1;3031;BE;FOB;0;0
SKHG74;CONDELL;U8;US1;3032;BE;FOB;0;0
SKHG79;CONDELL;U8;US1;3033;BE;FOB;0;0
SKHG80;CONDELL;U8;US1;3034;BE;FOB;0;0
SKHG82;CONDELL;U8;US1;3035;BE;FOB;0;0
SKHG85;CONDELL;U8;US1;3036;BE;FOB;0;0
SKHG89;CONDELL;U8;US1;3037;BE;FOB;0;0
SKHG90;CONDELL;U8;US1;3038;BE;FOB;0;0
SKHG92;CONDELL;U8;US1;3039;BE;FOB;0;0
SKHG93;CONDELL;U8;US1;3040;BE;FOB;0;0
SKHG95;CONDELL;U8;US1;3041;BE;FOB;0;0
SPZX34;CONDELL;U8;US1;3042;BE;FOB;0;0
SPZX36;CONDELL;U8;US1;3043;BE;FOB;0;0
SPZX39;CONDELL;U8;US1;3044;BE;FOB;0;0
SPZX41;CONDELL;U8;US1;3045;BE;FOB;0;0
SPZX42;CONDELL;U8;US1;3046;BE;FOB;0;0
SPZX46;CONDELL;U8;US1;3047;BE;FOB;0;0
SPZX51;CONDELL;U8;US1;3048;BE;FOB;0;0
SPZX55;CONDELL;U8;US1;3049;BE;FOB;0;0
SPZX56;CONDELL;U8;US1;3050;BE;FOB;0;0
SPZX58;CONDELL;U8;US1;3051;BE;FOB;0;0
STHB50;CONDELL;U8;US1;3059;BE;FOB;0;0
STHD21;CONDELL;U8;US1;3065;BE;FOB;0;0
STHD35;CONDELL;U8;US1;3066;BE;FOB;0;0
STHD47;CONDELL;U8;US1;3067;BE;FOB;0;0
STHD54;CONDELL;U8;US1;3068;BE;FOB;0;0
STHD65;CONDELL;U8;US1;3069;BE;FOB;0;0
STHD72;CONDELL;U8;US1;3070;BE;FOB;0;0
STHF13;CONDELL;U8;US1;3071;BE;FOB;0;0
STHF15;CONDELL;U8;US1;3072;BE;FOB;0;0
STHF35;CONDELL;U8;US1;3074;BE;FOB;0;0
STHF42;CONDELL;U8;US1;3075;BE;FOB;0;0
STHF45;CONDELL;U8;US1;3076;BE;FOB;0;0
STHF49;CONDELL;U8;US1;3077;BE;FOB;0;0
STHF62;CONDELL;U8;US1;3079;BE;FOB;0;0
STHF76;CONDELL;U8;US1;3081;BE;FOB;0;0
VTFK64;CONDELL;U8;US1;3141;BE;FR;0;0
LDJX67;CONDELL;U8;US1;4000;C2;FOB;0;0
LDSW88;CONDELL;U8;US1;4001;C2;FOB;0;0
LDSX94;CONDELL;U8;US1;4002;C2;FOB;0;0
LDSX95;CONDELL;U8;US1;4003;C2;FOB;0;0
LDSX96;CONDELL;U8;US1;4004;C2;FOB;0;0
LDTG63;CONDELL;U8;US1;4005;C2;FOB;0;0
LDTG64;CONDELL;U8;US1;4006;C2;FOB;0;0
LDTG65;CONDELL;U8;US1;4007;C2;FOB;0;0
LDTG66;CONDELL;U8;US1;4008;C2;FOB;0;0
LDTG67;CONDELL;U8;US1;4009;C2;FOB;0;0
LFGJ89;CONDELL;U8;US1;4010;C2;FOB;0;0
LFGJ90;CONDELL;U8;US1;4011;C2;FOB;0;0
LFGJ91;CONDELL;U8;US1;4012;C2;FOB;0;0
LFGJ92;CONDELL;U8;US1;4013;C2;FOB;0;0
LFGJ93;CONDELL;U8;US1;4014;C2;FOB;0;0
LFGJ94;CONDELL;U8;US1;4015;C2;FOB;0;0
LFGJ95;CONDELL;U8;US1;4016;C2;FOB;0;0
LFGJ97;CONDELL;U8;US1;4018;C2;FOB;0;0
LFGW21;CONDELL;U8;US1;4019;C2;FOB;0;0
LFGW22;CONDELL;U8;US1;4020;C2;FOB;0;0
LFGW31;CONDELL;U8;US1;4021;C2;FOB;0;0
LFGW32;CONDELL;U8;US1;4022;C2;FOB;0;0
LFGW33;CONDELL;U8;US1;4023;C2;FOB;0;0
LFGW34;CONDELL;U8;US1;4024;C2;FR;0;0
SHXF25;CONDELL;U8;US1;4031;C2;FOB;0;0
SHXG87;CONDELL;U8;US1;4041;C2;FOB;0;0
SJPC35;CONDELL;U8;US1;4042;C2;FR;0;0
SJPC50;CONDELL;U8;US1;4051;C2;FOB;0;0
SJPD73;CONDELL;U8;US1;4056;C2;FOB;0;0
SJPF88;CONDELL;U8;US1;4066;C2;FR;0;0
SJPF86;CONDELL;U8;US1;4068;C2;FOB;0;0
LDJV50;CONDELL;U8;US1;2091;B2;FOB;0;0
LDJW30;CONDELL;U8;US1;2095;B2;FOB;0;0
LDJW31;CONDELL;U8;US1;2096;B2;FOB;0;0
TXZH33;CONDELL;U8;US1;3133;BE;FR;0;0
TXZH34;CONDELL;U8;US1;3134;BE;FR;0;0
TXZH35;CONDELL;U8;US1;3135;BE;FR;0;0
TXZH36;CONDELL;U8;US1;3136;BE;FR;0;0
TXZH37;CONDELL;U8;US1;3137;BE;FR;0;0
TXZH38;CONDELL;U8;US1;3138;BE;FR;0;0
TXZH39;CONDELL;U8;US1;3139;BE;FR;0;0
TXZK38;CONDELL;U8;US1;3140;BE;FR;0;0
SHCY36;SANTA MARTA;U8;US1;1006;A2;FOB;0;0
SHCY37;SANTA MARTA;U8;US1;1007;A2;FOB;0;0
SHCY51;SANTA MARTA;U8;US1;1014;A2;FOB;0;0
SHCY16;SANTA MARTA;U8;US1;1016;A2;FOB;0;0
SHCY35;SANTA MARTA;U8;US1;1017;A2;FOB;0;0
SHCX43;SANTA MARTA;U8;US1;1024;A2;FOB;0;0
SHCY59;SANTA MARTA;U8;US1;1025;A2;FOB;0;0
SHCX54;SANTA MARTA;U8;US1;1026;A2;FOB;0;0
SHCY58;SANTA MARTA;U8;US1;1027;A2;FOB;0;0
SHXF23;SANTA MARTA;U8;US1;1030;A2;FOB;0;0
SHCY64;SANTA MARTA;U8;US1;1031;A2;FOB;0;0
SHCY57;SANTA MARTA;U8;US1;1032;A2;FOB;0;0
SHXF45;SANTA MARTA;U8;US1;1033;A2;FOB;0;0
SHXF19;SANTA MARTA;U8;US1;1034;A2;FOB;0;0
SJPB20;SANTA MARTA;U8;US1;1035;A2;FOB;0;0
SJPC30;SANTA MARTA;U8;US1;1036;A2;FOB;0;0
FLXS43;SANTA MARTA;U8;US1;2000;BPAL;FOB;0;0
FLXS44;SANTA MARTA;U8;US1;2001;BPAL;FOB;0;0
FLXS45;SANTA MARTA;U8;US1;2002;BPAL;FOB;0;0
FLXS46;SANTA MARTA;U8;US1;2003;BPAL;FOB;0;0
FLXS47;SANTA MARTA;U8;US1;2004;BPAL;FOB;0;0
FLXS48;SANTA MARTA;U8;US1;2005;BPAL;FOB;0;0
FLXS49;SANTA MARTA;U8;US1;2006;BPAL;FOB;0;0
FLXS50;SANTA MARTA;U8;US1;2007;BPAL;FOB;0;0
FLXS51;SANTA MARTA;U8;US1;2008;BPAL;FOB;0;0
FLXS52;SANTA MARTA;U8;US1;2009;BPAL;FOB;0;0
FLXS53;SANTA MARTA;U8;US1;2010;BPAL;FOB;0;0
FLXS54;SANTA MARTA;U8;US1;2011;BPAL;FOB;0;0
FLXS55;SANTA MARTA;U8;US1;2012;BPAL;FOB;0;0
FLXS56;SANTA MARTA;U8;US1;2013;BPAL;FOB;0;0
FLXS57;SANTA MARTA;U8;US1;2014;BPAL;FOB;0;0
FLXS58;SANTA MARTA;U8;US1;2015;BPAL;FOB;0;0
FLXS59;SANTA MARTA;U8;US1;2016;BPAL;FOB;0;0
FLXS61;SANTA MARTA;U8;US1;2018;BPAL;FOB;0;0
FLXS63;SANTA MARTA;U8;US1;2020;BPAL;FOB;0;0
FLXP83;SANTA MARTA;U8;US1;2021;BPAL;FR;0;0
FLXP84;SANTA MARTA;U8;US1;2022;BPAL;FR;0;0
FLXP85;SANTA MARTA;U8;US1;2023;BPAL;FOB;0;0
FLXP86;SANTA MARTA;U8;US1;2024;BPAL;FOB;0;0
FLXP87;SANTA MARTA;U8;US1;2025;BPAL;FOB;0;0
STGZ28;SANTA MARTA;U8;US1;3052;BE;FOB;0;0
STGZ62;SANTA MARTA;U8;US1;3053;BE;FOB;0;0
STGZ85;SANTA MARTA;U8;US1;3054;BE;FOB;0;0
STHB12;SANTA MARTA;U8;US1;3055;BE;FOB;0;0
STHB21;SANTA MARTA;U8;US1;3056;BE;FOB;0;0
STHB29;SANTA MARTA;U8;US1;3057;BE;FOB;0;0
STHB36;SANTA MARTA;U8;US1;3058;BE;FOB;0;0
STHB62;SANTA MARTA;U8;US1;3060;BE;FOB;0;0
STHC45;SANTA MARTA;U8;US1;3061;BE;FOB;0;0
STHC51;SANTA MARTA;U8;US1;3062;BE;FOB;0;0
STHC54;SANTA MARTA;U8;US1;3063;BE;FOB;0;0
STHC69;SANTA MARTA;U8;US1;3064;BE;FOB;0;0
STHF31;SANTA MARTA;U8;US1;3073;BE;FOB;0;0
STHF54;SANTA MARTA;U8;US1;3078;BE;FOB;0;0
STHF70;SANTA MARTA;U8;US1;3080;BE;FOB;0;0
STHF77;SANTA MARTA;U8;US1;3082;BE;FOB;0;0
STHF78;SANTA MARTA;U8;US1;3083;BE;FOB;0;0
STHF82;SANTA MARTA;U8;US1;3084;BE;FOB;0;0
STHF84;SANTA MARTA;U8;US1;3085;BE;FOB;0;0
STHF88;SANTA MARTA;U8;US1;3086;BE;FOB;0;0
STHJ61;SANTA MARTA;U8;US1;3087;BE;FOB;0;0
STHJ68;SANTA MARTA;U8;US1;3088;BE;FOB;0;0
STHJ72;SANTA MARTA;U8;US1;3089;BE;FOB;0;0
STHJ74;SANTA MARTA;U8;US1;3090;BE;FOB;0;0
STHJ81;SANTA MARTA;U8;US1;3091;BE;FOB;0;0
STHJ86;SANTA MARTA;U8;US1;3092;BE;FOB;0;0
STHJ89;SANTA MARTA;U8;US1;3093;BE;FOB;0;0
STHJ98;SANTA MARTA;U8;US1;3094;BE;FOB;0;0
STHJ99;SANTA MARTA;U8;US1;3095;BE;FOB;0;0
STHK10;SANTA MARTA;U8;US1;3096;BE;FOB;0;0
STHK12;SANTA MARTA;U8;US1;3097;BE;FOB;0;0
STHK13;SANTA MARTA;U8;US1;3098;BE;FOB;0;0
STHK20;SANTA MARTA;U8;US1;3099;BE;FOB;0;0
STHK27;SANTA MARTA;U8;US1;3100;BE;FOB;0;0
STHK28;SANTA MARTA;U8;US1;3101;BE;FOB;0;0
STHK36;SANTA MARTA;U8;US1;3102;BE;FOB;0;0
STHK38;SANTA MARTA;U8;US1;3103;BE;FOB;0;0
STHK39;SANTA MARTA;U8;US1;3104;BE;FOB;0;0
STHK53;SANTA MARTA;U8;US1;3105;BE;FOB;0;0
STHK62;SANTA MARTA;U8;US1;3106;BE;FOB;0;0
STHK69;SANTA MARTA;U8;US1;3107;BE;FOB;0;0
STHK70;SANTA MARTA;U8;US1;3108;BE;FOB;0;0
STHL11;SANTA MARTA;U8;US1;3109;BE;FOB;0;0
STHL27;SANTA MARTA;U8;US1;3110;BE;FOB;0;0
STHL29;SANTA MARTA;U8;US1;3111;BE;FOB;0;0
STHL35;SANTA MARTA;U8;US1;3112;BE;FOB;0;0
STHL42;SANTA MARTA;U8;US1;3113;BE;FOB;0;0
STHL46;SANTA MARTA;U8;US1;3114;BE;FOB;0;0
STHL51;SANTA MARTA;U8;US1;3115;BE;FOB;0;0
STHL95;SANTA MARTA;U8;US1;3116;BE;FOB;0;0
STHP12;SANTA MARTA;U8;US1;3117;BE;FOB;0;0
STHP52;SANTA MARTA;U8;US1;3118;BE;FOB;0;0
STHP97;SANTA MARTA;U8;US1;3119;BE;FOB;0;0
STHR18;SANTA MARTA;U8;US1;3120;BE;FOB;0;0
STHR23;SANTA MARTA;U8;US1;3121;BE;FOB;0;0
STHR36;SANTA MARTA;U8;US1;3122;BE;FOB;0;0
STHR46;SANTA MARTA;U8;US1;3123;BE;FOB;0;0
STHR60;SANTA MARTA;U8;US1;3124;BE;FOB;0;0
STHR72;SANTA MARTA;U8;US1;3125;BE;FOB;0;0
STHR80;SANTA MARTA;U8;US1;3126;BE;FOB;0;0
LDJW34;SANTA MARTA;U8;US1;2097;B2;FOB;0;0
LDJW35;SANTA MARTA;U8;US1;2098;B2;FOB;0;0
LDJW36;SANTA MARTA;U8;US1;2099;B2;FOB;0;0
LDJW37;SANTA MARTA;U8;US1;2100;B2;FOB;0;0
LDJW38;SANTA MARTA;U8;US1;2101;B2;FOB;0;0
LDJW39;SANTA MARTA;U8;US1;2102;B2;FOB;0;0
LDJW40;SANTA MARTA;U8;US1;2103;B2;FR;0;0
LDJW41;SANTA MARTA;U8;US1;2104;B2;FOB;0;0
LDJW42;SANTA MARTA;U8;US1;2105;B2;FOB;0;0
LDJW43;SANTA MARTA;U8;US1;2106;B2;FOB;0;0
LDJW44;SANTA MARTA;U8;US1;2107;B2;FOB;0;0
LDJW45;SANTA MARTA;U8;US1;2108;B2;FOB;0;0
LDJW46;SANTA MARTA;U8;US1;2109;B2;FOB;0;0
LDJW47;SANTA MARTA;U8;US1;2110;B2;FOB;0;0
LJDL48;SANTA MARTA;U8;US1;2113;B2;FR;0;0
LDJP67;SANTA MARTA;U8;US1;2080;B2;FOB;0;0
LDJP70;SANTA MARTA;U8;US1;2081;B2;FOB;0;0
LDJP71;SANTA MARTA;U8;US1;2082;B2;FOB;0;0
LDJP72;SANTA MARTA;U8;US1;2083;B2;FOB;0;0
LDJV44;SANTA MARTA;U8;US1;2086;B2;FR;0;0
LDJV45;SANTA MARTA;U8;US1;2087;B2;FR;0;0
TXZH25;SANTA MARTA;U8;US1;3127;BE;FR;0;0
TXZH26;SANTA MARTA;U8;US1;3128;BE;FR;0;0
TXZH28;SANTA MARTA;U8;US1;3129;BE;FR;0;0
TXZH30;SANTA MARTA;U8;US1;3130;BE;FR;0;0
TXZH31;SANTA MARTA;U8;US1;3131;BE;FR;0;0
TXZH32;SANTA MARTA;U8;US1;3132;BE;FR;0;0
LDJW49;SANTA MARTA;U8;US1;2112;B2;FOB;0;0
HYFL60;SANTA MARTA;U8;US1;2114;BPAL;FR;0;0
HVFH32;SANTA MARTA;U8;US1;2115;BPAL;FOB;0;0
HVFH33;SANTA MARTA;U8;US1;2116;BPAL;FOB;0;0
FLXP66;SANTA MARTA;U8;US1;2026;BPAL;FS;1;0
FLXP67;SANTA MARTA;U8;US1;2027;BPAL;FS;1;0
FLXP68;SANTA MARTA;U8;US1;2028;BPAL;FS;1;0
FLXP69;SANTA MARTA;U8;US1;2029;BPAL;FS;1;0
FLXP70;SANTA MARTA;U8;US1;2030;BPAL;FS;1;0
FLXP71;SANTA MARTA;U8;US1;2031;BPAL;FS;1;0
FLXP72;SANTA MARTA;U8;US1;2032;BPAL;FS;1;0
FLXP73;SANTA MARTA;U8;US1;2033;BPAL;FS;1;0
FLXP75;SANTA MARTA;U8;US1;2034;BPAL;FS;1;0
FLXP76;SANTA MARTA;U8;US1;2035;BPAL;FS;1;0
FLXP77;SANTA MARTA;U8;US1;2036;BPAL;FS;1;0
FLXP78;SANTA MARTA;U8;US1;2037;BPAL;FS;1;0
FLXP79;SANTA MARTA;U8;US1;2038;BPAL;FS;1;0
FLXP80;SANTA MARTA;U8;US1;2039;BPAL;FS;1;0
FLXP81;SANTA MARTA;U8;US1;2040;BPAL;FS;1;0
FLXP82;SANTA MARTA;U8;US1;2041;BPAL;FS;1;0
SHCX61;AGUIRRE LUCO;U9;US2;5001;A2;FOB;0;0
SHCX44;AGUIRRE LUCO;U9;US2;5002;A2;FOB;0;0
SHCY41;AGUIRRE LUCO;U9;US2;5003;A2;FOB;0;0
SHCY56;AGUIRRE LUCO;U9;US2;5004;A2;FOB;0;0
SHXF37;AGUIRRE LUCO;U9;US2;5005;A2;FOB;0;0
TPWW72;AGUIRRE LUCO;U9;US2;5023;A2;FOB;0;0
FLXR78;AGUIRRE LUCO;U9;US2;6000;BPAL;FOB;0;0
FLXR79;AGUIRRE LUCO;U9;US2;6001;BPAL;FOB;0;0
FLXR80;AGUIRRE LUCO;U9;US2;6002;BPAL;FOB;0;0
FLXR81;AGUIRRE LUCO;U9;US2;6003;BPAL;FOB;0;0
FLXR82;AGUIRRE LUCO;U9;US2;6004;BPAL;FOB;0;0
FLXR83;AGUIRRE LUCO;U9;US2;6005;BPAL;FOB;0;0
FLXR85;AGUIRRE LUCO;U9;US2;6007;BPAL;FOB;0;0
FLXR86;AGUIRRE LUCO;U9;US2;6008;BPAL;FOB;0;0
FLXR89;AGUIRRE LUCO;U9;US2;6011;BPAL;FR;0;0
FLXR90;AGUIRRE LUCO;U9;US2;6012;BPAL;FOB;0;0
FLXR91;AGUIRRE LUCO;U9;US2;6013;BPAL;FOB;0;0
FLXR92;AGUIRRE LUCO;U9;US2;6014;BPAL;FOB;0;0
FLXR93;AGUIRRE LUCO;U9;US2;6015;BPAL;FOB;0;0
SHCW61;AGUIRRE LUCO;U9;US2;6093;B2;FOB;0;0
SHCW64;AGUIRRE LUCO;U9;US2;6096;B2;FR;0;0
SHCW71;AGUIRRE LUCO;U9;US2;6101;B2;FOB;0;0
SHCW75;AGUIRRE LUCO;U9;US2;6104;B2;FOB;0;0
SHCW76;AGUIRRE LUCO;U9;US2;6105;B2;FOB;0;0
SHCW77;AGUIRRE LUCO;U9;US2;6106;B2;FOB;0;0
SHCW79;AGUIRRE LUCO;U9;US2;6108;B2;FOB;0;0
SHCX26;AGUIRRE LUCO;U9;US2;6111;B2;FOB;0;0
SHCX27;AGUIRRE LUCO;U9;US2;6112;B2;FOB;0;0
SHCX29;AGUIRRE LUCO;U9;US2;6114;B2;FOB;0;0
SHCX30;AGUIRRE LUCO;U9;US2;6115;B2;FOB;0;0
SHCX34;AGUIRRE LUCO;U9;US2;6119;B2;FOB;0;0
SHCX35;AGUIRRE LUCO;U9;US2;6120;B2;FOB;0;0
SHXD87;AGUIRRE LUCO;U9;US2;6122;B2;FOB;0;0
SHXD90;AGUIRRE LUCO;U9;US2;6124;B2;FOB;0;0
SHXD93;AGUIRRE LUCO;U9;US2;6127;B2;FOB;0;0
SHXD94;AGUIRRE LUCO;U9;US2;6128;B2;FOB;0;0
SHXD95;AGUIRRE LUCO;U9;US2;6129;B2;FOB;0;0
SHXF21;AGUIRRE LUCO;U9;US2;6130;B2;FOB;0;0
SHXF42;AGUIRRE LUCO;U9;US2;6131;B2;FOB;0;0
SHXF43;AGUIRRE LUCO;U9;US2;6132;B2;FOB;0;0
SHXG18;AGUIRRE LUCO;U9;US2;6134;B2;FOB;0;0
SHXG90;AGUIRRE LUCO;U9;US2;6135;B2;FOB;0;0
SHXG91;AGUIRRE LUCO;U9;US2;6136;B2;FOB;0;0
SHXG94;AGUIRRE LUCO;U9;US2;6139;B2;FOB;0;0
SJPC31;AGUIRRE LUCO;U9;US2;6141;B2;FOB;0;0
SJPC33;AGUIRRE LUCO;U9;US2;6142;B2;FOB;0;0
SJPC34;AGUIRRE LUCO;U9;US2;6143;B2;FOB;0;0
SKPP55;AGUIRRE LUCO;U9;US2;6153;B2;FOB;0;0
SHXD86;AGUIRRE LUCO;U9;US2;6155;B2;FOB;0;0
SHXF20;AGUIRRE LUCO;U9;US2;6156;B2;FOB;0;0
SKPH71;AGUIRRE LUCO;U9;US2;6160;B2;FOB;0;0
SHCX31;AGUIRRE LUCO;U9;US2;6116;B2;FOB;0;0
FLXR73;AGUIRRE LUCO;U9;US2;6016;BPAL;FS;1;0
FLXR74;AGUIRRE LUCO;U9;US2;6017;BPAL;FS;1;0
FLXR75;AGUIRRE LUCO;U9;US2;6018;BPAL;FS;1;0
FLXR76;AGUIRRE LUCO;U9;US2;6019;BPAL;FS;1;0
FLXR77;AGUIRRE LUCO;U9;US2;6020;BPAL;FS;1;0
FLXS32;AGUIRRE LUCO;U9;US2;6021;BPAL;FS;1;0
FLXS38;AGUIRRE LUCO;U9;US2;6023;BPAL;FS;1;0
FLXS41;AGUIRRE LUCO;U9;US2;6026;BPAL;FS;1;0
FLXS33;AGUIRRE LUCO;U9;US2;6022;BPAL;FS;1;0
FLXS39;AGUIRRE LUCO;U9;US2;6024;BPAL;FS;1;0
FLXS40;AGUIRRE LUCO;U9;US2;6025;BPAL;FS;1;0
SHCX60;PIE ANDINO;U9;US2;5006;A2;FOB;0;0
SHCY42;PIE ANDINO;U9;US2;5007;A2;FOB;0;0
SHCY60;PIE ANDINO;U9;US2;5009;A2;FOB;0;0
SHXD57;PIE ANDINO;U9;US2;5010;A2;FOB;0;0
SHXF18;PIE ANDINO;U9;US2;5011;A2;FOB;0;0
SHXF36;PIE ANDINO;U9;US2;5012;A2;FOB;0;0
SHXF39;PIE ANDINO;U9;US2;5013;A2;FOB;0;0
SHXF40;PIE ANDINO;U9;US2;5014;A2;FOB;0;0
SHXG86;PIE ANDINO;U9;US2;5015;A2;FOB;0;0
SHCY61;PIE ANDINO;U9;US2;5016;A2;FOB;0;0
SHCY63;PIE ANDINO;U9;US2;5017;A2;FOB;0;0
SHXD82;PIE ANDINO;U9;US2;5018;A2;FOB;0;0
SHXD84;PIE ANDINO;U9;US2;5019;A2;FOB;0;0
SHXF22;PIE ANDINO;U9;US2;5020;A2;FOB;0;0
SHCY65;PIE ANDINO;U9;US2;5022;A2;FOB;0;0
LBTS75;PIE ANDINO;U9;US2;6027;B2;FOB;0;0
LBTS76;PIE ANDINO;U9;US2;6028;B2;FR;0;0
LBTS77;PIE ANDINO;U9;US2;6029;B2;FR;0;0
LBTS78;PIE ANDINO;U9;US2;6030;B2;FR;0;0
LBTT14;PIE ANDINO;U9;US2;6055;B2;FR;0;0
LBTT22;PIE ANDINO;U9;US2;6063;B2;FOB;0;0
LCPG33;PIE ANDINO;U9;US2;6069;B2;FOB;0;0
LCPG47;PIE ANDINO;U9;US2;6083;B2;FOB;0;0
LCPW28;PIE ANDINO;U9;US2;6089;B2;FOB;0;0
LCPW29;PIE ANDINO;U9;US2;6090;B2;FOB;0;0
SHCW69;PIE ANDINO;U9;US2;6091;B2;FOB;0;0
SHCW74;PIE ANDINO;U9;US2;6092;B2;FOB;0;0
SHCW62;PIE ANDINO;U9;US2;6094;B2;FR;0;0
SHCW63;PIE ANDINO;U9;US2;6095;B2;FR;0;0
SHCW65;PIE ANDINO;U9;US2;6097;B2;FOB;0;0
SHCW67;PIE ANDINO;U9;US2;6098;B2;FOB;0;0
SHCW68;PIE ANDINO;U9;US2;6099;B2;FOB;0;0
SHCW70;PIE ANDINO;U9;US2;6100;B2;FOB;0;0
SHCW72;PIE ANDINO;U9;US2;6102;B2;FOB;0;0
SHCW78;PIE ANDINO;U9;US2;6107;B2;FOB;0;0
SHCW80;PIE ANDINO;U9;US2;6109;B2;FOB;0;0
SHCW81;PIE ANDINO;U9;US2;6110;B2;FOB;0;0
SHCX28;PIE ANDINO;U9;US2;6113;B2;FOB;0;0
SHCX32;PIE ANDINO;U9;US2;6117;B2;FOB;0;0
SHCX33;PIE ANDINO;U9;US2;6118;B2;FOB;0;0
SHCY15;PIE ANDINO;U9;US2;6121;B2;FOB;0;0
SHXD89;PIE ANDINO;U9;US2;6123;B2;FOB;0;0
SHXD92;PIE ANDINO;U9;US2;6126;B2;FOB;0;0
SHXG92;PIE ANDINO;U9;US2;6137;B2;FOB;0;0
SHXG93;PIE ANDINO;U9;US2;6138;B2;FOB;0;0
SHXG95;PIE ANDINO;U9;US2;6140;B2;FOB;0;0
SJPC39;PIE ANDINO;U9;US2;6144;B2;FOB;0;0
SJPC40;PIE ANDINO;U9;US2;6145;B2;FOB;0;0
SJPC42;PIE ANDINO;U9;US2;6146;B2;FOB;0;0
SJPC43;PIE ANDINO;U9;US2;6147;B2;FOB;0;0
SJPC75;PIE ANDINO;U9;US2;6148;B2;FOB;0;0
SJPD87;PIE ANDINO;U9;US2;6149;B2;FOB;0;0
SJPD98;PIE ANDINO;U9;US2;6150;B2;FOB;0;0
SJPF89;PIE ANDINO;U9;US2;6151;B2;FOB;0;0
SJPF90;PIE ANDINO;U9;US2;6152;B2;FOB;0;0
SHCY19;PIE ANDINO;U9;US2;6154;B2;FOB;0;0
SHXG89;PIE ANDINO;U9;US2;6158;B2;FOB;0;0
SJPD86;PIE ANDINO;U9;US2;6159;B2;FOB;0;0
SHXD91;PIE ANDINO;U9;US2;6125;B2;FOB;0;0
SHXF44;PIE ANDINO;U9;US2;6133;B2;FOB;0;0
SHXF41;PIE ANDINO;U9;US2;6157;B2;FOB;0;0
SPZX47;PIE ANDINO;U9;US2;7026;BE;FR;0;0
SPZX48;PIE ANDINO;U9;US2;7027;BE;FR;0;0
SPZX53;PIE ANDINO;U9;US2;7029;BE;FR;0;0
SPZX62;PIE ANDINO;U9;US2;7032;BE;FOB;0;0
SPZX63;PIE ANDINO;U9;US2;7033;BE;FOB;0;0
SPZX64;PIE ANDINO;U9;US2;7034;BE;FOB;0;0
SPZX65;PIE ANDINO;U9;US2;7035;BE;FOB;0;0
SPZX66;PIE ANDINO;U9;US2;7036;BE;FOB;0;0
SPZX67;PIE ANDINO;U9;US2;7037;BE;FOB;0;0
SPZX68;PIE ANDINO;U9;US2;7038;BE;FOB;0;0
SPZX69;PIE ANDINO;U9;US2;7039;BE;FOB;0;0
SPZX75;PIE ANDINO;U9;US2;7045;BE;FOB;0;0
SPZX76;PIE ANDINO;U9;US2;7046;BE;FOB;0;0
SPZX77;PIE ANDINO;U9;US2;7047;BE;FOB;0;0
SPZX79;PIE ANDINO;U9;US2;7049;BE;FOB;0;0
SPZX80;PIE ANDINO;U9;US2;7050;BE;FOB;0;0
SPZX82;PIE ANDINO;U9;US2;7052;BE;FOB;0;0
SPZX83;PIE ANDINO;U9;US2;7053;BE;FOB;0;0
SPZX84;PIE ANDINO;U9;US2;7054;BE;FOB;0;0
SPZX85;PIE ANDINO;U9;US2;7055;BE;FOB;0;0
SPZX93;PIE ANDINO;U9;US2;7056;BE;FOB;0;0
SPZX95;PIE ANDINO;U9;US2;7057;BE;FOB;0;0
SPZX96;PIE ANDINO;U9;US2;7058;BE;FOB;0;0
SPZY13;PIE ANDINO;U9;US2;7060;BE;FOB;0;0
SPZY15;PIE ANDINO;U9;US2;7061;BE;FOB;0;0
SPZY16;PIE ANDINO;U9;US2;7062;BE;FOB;0;0
SPZY18;PIE ANDINO;U9;US2;7063;BE;FOB;0;0
SPZY23;PIE ANDINO;U9;US2;7064;BE;FOB;0;0
SPZY27;PIE ANDINO;U9;US2;7067;BE;FOB;0;0
SPZY37;PIE ANDINO;U9;US2;7070;BE;FOB;0;0
SPZY42;PIE ANDINO;U9;US2;7072;BE;FOB;0;0
SPZY43;PIE ANDINO;U9;US2;7073;BE;FOB;0;0
SPZY44;PIE ANDINO;U9;US2;7074;BE;FOB;0;0
SPZY45;PIE ANDINO;U9;US2;7075;BE;FOB;0;0
SPZY48;PIE ANDINO;U9;US2;7076;BE;FOB;0;0
SPZY50;PIE ANDINO;U9;US2;7078;BE;FOB;0;0
SPZY51;PIE ANDINO;U9;US2;7079;BE;FOB;0;0
SPZY54;PIE ANDINO;U9;US2;7081;BE;FOB;0;0
SPZY56;PIE ANDINO;U9;US2;7083;BE;FOB;0;0
SPZY58;PIE ANDINO;U9;US2;7085;BE;FOB;0;0
SPZY60;PIE ANDINO;U9;US2;7087;BE;FOB;0;0
SPZY64;PIE ANDINO;U9;US2;7090;BE;FOB;0;0
SPZY65;PIE ANDINO;U9;US2;7091;BE;FOB;0;0
SPZY66;PIE ANDINO;U9;US2;7092;BE;FOB;0;0
SPZY67;PIE ANDINO;U9;US2;7093;BE;FOB;0;0
SPZY69;PIE ANDINO;U9;US2;7095;BE;FOB;0;0
SPZY70;PIE ANDINO;U9;US2;7096;BE;FOB;0;0
SPZY71;PIE ANDINO;U9;US2;7097;BE;FOB;0;0
SPZY75;PIE ANDINO;U9;US2;7099;BE;FOB;0;0
SPZY78;PIE ANDINO;U9;US2;7100;BE;FOB;0;0
SPZY79;PIE ANDINO;U9;US2;7101;BE;FOB;0;0
SPZY81;PIE ANDINO;U9;US2;7102;BE;FOB;0;0
SPZY85;PIE ANDINO;U9;US2;7103;BE;FOB;0;0
SPZY86;PIE ANDINO;U9;US2;7104;BE;FOB;0;0
SPZY87;PIE ANDINO;U9;US2;7105;BE;FOB;0;0
SRVH33;PIE ANDINO;U9;US2;7106;BE;FOB;0;0
SRVH40;PIE ANDINO;U9;US2;7107;BE;FOB;0;0
SRVJ17;PIE ANDINO;U9;US2;7109;BE;FOB;0;0
SRVJ25;PIE ANDINO;U9;US2;7110;BE;FOB;0;0
SRVJ48;PIE ANDINO;U9;US2;7111;BE;FOB;0;0
SRVJ72;PIE ANDINO;U9;US2;7112;BE;FOB;0;0
SRVK25;PIE ANDINO;U9;US2;7113;BE;FOB;0;0
SRVK73;PIE ANDINO;U9;US2;7114;BE;FOB;0;0
SRVK82;PIE ANDINO;U9;US2;7115;BE;FOB;0;0
SRVL13;PIE ANDINO;U9;US2;7116;BE;FOB;0;0
SRVL29;PIE ANDINO;U9;US2;7117;BE;FOB;0;0
SRVL59;PIE ANDINO;U9;US2;7118;BE;FOB;0;0
SRVL70;PIE ANDINO;U9;US2;7119;BE;FOB;0;0
SRVL81;PIE ANDINO;U9;US2;7120;BE;FOB;0;0
TFYL48;PIE ANDINO;U9;US2;6161;B2;FR;0;0
TXZH46;PIE ANDINO;U9;US2;7197;BE;FR;0;0
TXZH47;PIE ANDINO;U9;US2;7198;BE;FOB;0;0
TXZH48;PIE ANDINO;U9;US2;7199;BE;FOB;0;0
LCPG45;PIE ANDINO;U9;US2;6081;B2;FOB;0;0
LCPG49;PIE ANDINO;U9;US2;6085;B2;FOB;0;0
SPZX59;PIE ANDINO;U9;US2;7031;BE;FOB;0;0
SPZX71;PIE ANDINO;U9;US2;7041;BE;FOB;0;0
SPZX73;PIE ANDINO;U9;US2;7043;BE;FOB;0;0
SPZX74;PIE ANDINO;U9;US2;7044;BE;FOB;0;0
SPZY24;PIE ANDINO;U9;US2;7065;BE;FOB;0;0
LBTS79;JUANITA;U9;US2;6031;B2;FOB;0;0
LBTS80;JUANITA;U9;US2;6032;B2;FOB;0;0
LBTS81;JUANITA;U9;US2;6033;B2;FOB;0;0
LBTS82;JUANITA;U9;US2;6034;B2;FOB;0;0
LBTS83;JUANITA;U9;US2;6035;B2;FOB;0;0
LBTS85;JUANITA;U9;US2;6036;B2;FOB;0;0
LBTS86;JUANITA;U9;US2;6037;B2;FOB;0;0
LBTS87;JUANITA;U9;US2;6038;B2;FOB;0;0
LBTS88;JUANITA;U9;US2;6039;B2;FOB;0;0
LBTS89;JUANITA;U9;US2;6040;B2;FOB;0;0
LBTS90;JUANITA;U9;US2;6041;B2;FOB;0;0
LBTS91;JUANITA;U9;US2;6042;B2;FOB;0;0
LBTS92;JUANITA;U9;US2;6043;B2;FOB;0;0
LBTS94;JUANITA;U9;US2;6045;B2;FOB;0;0
LBTS95;JUANITA;U9;US2;6046;B2;FOB;0;0
LBTS96;JUANITA;U9;US2;6047;B2;FOB;0;0
LBTS97;JUANITA;U9;US2;6048;B2;FOB;0;0
LBTS98;JUANITA;U9;US2;6049;B2;FOB;0;0
LBTS99;JUANITA;U9;US2;6050;B2;FOB;0;0
LBTT10;JUANITA;U9;US2;6051;B2;FOB;0;0
LBTT11;JUANITA;U9;US2;6052;B2;FOB;0;0
LBTT12;JUANITA;U9;US2;6053;B2;FOB;0;0
LBTT13;JUANITA;U9;US2;6054;B2;FOB;0;0
LBTT15;JUANITA;U9;US2;6056;B2;FR;0;0
LBTT16;JUANITA;U9;US2;6057;B2;FOB;0;0
LBTT17;JUANITA;U9;US2;6058;B2;FOB;0;0
LBTT18;JUANITA;U9;US2;6059;B2;FOB;0;0
LBTT19;JUANITA;U9;US2;6060;B2;FOB;0;0
LBTT20;JUANITA;U9;US2;6061;B2;FOB;0;0
LBTT21;JUANITA;U9;US2;6062;B2;FOB;0;0
LBTT23;JUANITA;U9;US2;6064;B2;FOB;0;0
LBTT24;JUANITA;U9;US2;6065;B2;FOB;0;0
LBTT25;JUANITA;U9;US2;6066;B2;FOB;0;0
LCPG31;JUANITA;U9;US2;6067;B2;FOB;0;0
LCPG32;JUANITA;U9;US2;6068;B2;FOB;0;0
LCPG34;JUANITA;U9;US2;6070;B2;FOB;0;0
LCPG36;JUANITA;U9;US2;6072;B2;FOB;0;0
LCPG37;JUANITA;U9;US2;6073;B2;FOB;0;0
LCPG38;JUANITA;U9;US2;6074;B2;FOB;0;0
LCPG39;JUANITA;U9;US2;6075;B2;FOB;0;0
LCPG40;JUANITA;U9;US2;6076;B2;FOB;0;0
LCPG41;JUANITA;U9;US2;6077;B2;FOB;0;0
LCPG42;JUANITA;U9;US2;6078;B2;FOB;0;0
LCPG43;JUANITA;U9;US2;6079;B2;FOB;0;0
LCPG44;JUANITA;U9;US2;6080;B2;FOB;0;0
LCPG46;JUANITA;U9;US2;6082;B2;FOB;0;0
LCPG48;JUANITA;U9;US2;6084;B2;FOB;0;0
LCPG50;JUANITA;U9;US2;6086;B2;FOB;0;0
LCPG51;JUANITA;U9;US2;6087;B2;FOB;0;0
LCPG52;JUANITA;U9;US2;6088;B2;FOB;0;0
LCTG23;JUANITA;U9;US2;7000;BE;FR;0;0
LCTG24;JUANITA;U9;US2;7001;BE;FR;0;0
LCTG25;JUANITA;U9;US2;7002;BE;FOB;0;0
LCTG26;JUANITA;U9;US2;7003;BE;FOB;0;0
LCTG27;JUANITA;U9;US2;7004;BE;FOB;0;0
LCTG28;JUANITA;U9;US2;7005;BE;FOB;0;0
LCTG29;JUANITA;U9;US2;7006;BE;FOB;0;0
LCTG30;JUANITA;U9;US2;7007;BE;FOB;0;0
LCTG31;JUANITA;U9;US2;7008;BE;FOB;0;0
LCTG32;JUANITA;U9;US2;7009;BE;FOB;0;0
LCTG33;JUANITA;U9;US2;7010;BE;FOB;0;0
LCTG34;JUANITA;U9;US2;7011;BE;FOB;0;0
LCTG35;JUANITA;U9;US2;7012;BE;FOB;0;0
LCTG36;JUANITA;U9;US2;7013;BE;FOB;0;0
LCTG37;JUANITA;U9;US2;7014;BE;FOB;0;0
LCTG38;JUANITA;U9;US2;7015;BE;FOB;0;0
LCTG39;JUANITA;U9;US2;7016;BE;FOB;0;0
LCTG40;JUANITA;U9;US2;7017;BE;FOB;0;0
LCTG41;JUANITA;U9;US2;7018;BE;FOB;0;0
LCTG42;JUANITA;U9;US2;7019;BE;FOB;0;0
LCTG43;JUANITA;U9;US2;7020;BE;FOB;0;0
LCTG44;JUANITA;U9;US2;7021;BE;FOB;0;0
LCTG45;JUANITA;U9;US2;7022;BE;FOB;0;0
LCTG46;JUANITA;U9;US2;7023;BE;FOB;0;0
LCTG47;JUANITA;U9;US2;7024;BE;FOB;0;0
SPZX43;JUANITA;U9;US2;7025;BE;FR;0;0
SPZX52;JUANITA;U9;US2;7028;BE;FR;0;0
SPZX57;JUANITA;U9;US2;7030;BE;FOB;0;0
SPZX70;JUANITA;U9;US2;7040;BE;FR;0;0
SPZX72;JUANITA;U9;US2;7042;BE;FOB;0;0
SPZX78;JUANITA;U9;US2;7048;BE;FOB;0;0
SPZX81;JUANITA;U9;US2;7051;BE;FOB;0;0
SPZX98;JUANITA;U9;US2;7059;BE;FOB;0;0
SPZY25;JUANITA;U9;US2;7066;BE;FOB;0;0
SPZY28;JUANITA;U9;US2;7068;BE;FOB;0;0
SPZY31;JUANITA;U9;US2;7069;BE;FOB;0;0
SPZY41;JUANITA;U9;US2;7071;BE;FOB;0;0
SPZY49;JUANITA;U9;US2;7077;BE;FOB;0;0
SPZY53;JUANITA;U9;US2;7080;BE;FOB;0;0
SPZY55;JUANITA;U9;US2;7082;BE;FOB;0;0
SPZY57;JUANITA;U9;US2;7084;BE;FOB;0;0
SPZY59;JUANITA;U9;US2;7086;BE;FOB;0;0
SPZY61;JUANITA;U9;US2;7088;BE;FOB;0;0
SPZY63;JUANITA;U9;US2;7089;BE;FOB;0;0
SPZY68;JUANITA;U9;US2;7094;BE;FOB;0;0
SRVJ10;JUANITA;U9;US2;7108;BE;FOB;0;0
SRVF74;JUANITA;U9;US2;7121;BE;FR;0;0
SRVF76;JUANITA;U9;US2;7122;BE;FR;0;0
SRVF79;JUANITA;U9;US2;7123;BE;FR;0;0
SRVF81;JUANITA;U9;US2;7124;BE;FR;0;0
SRVF83;JUANITA;U9;US2;7125;BE;FR;0;0
SRVF84;JUANITA;U9;US2;7126;BE;FOB;0;0
SRVF90;JUANITA;U9;US2;7127;BE;FOB;0;0
SRVF96;JUANITA;U9;US2;7128;BE;FOB;0;0
SRVG10;JUANITA;U9;US2;7129;BE;FOB;0;0
SRVG25;JUANITA;U9;US2;7130;BE;FOB;0;0
SRVG32;JUANITA;U9;US2;7131;BE;FOB;0;0
SRVG44;JUANITA;U9;US2;7132;BE;FOB;0;0
SRVG48;JUANITA;U9;US2;7133;BE;FOB;0;0
SRVG49;JUANITA;U9;US2;7134;BE;FOB;0;0
SRVG53;JUANITA;U9;US2;7135;BE;FOB;0;0
SRVG65;JUANITA;U9;US2;7136;BE;FOB;0;0
SRVG68;JUANITA;U9;US2;7137;BE;FOB;0;0
SRVG70;JUANITA;U9;US2;7138;BE;FOB;0;0
SRVG76;JUANITA;U9;US2;7139;BE;FOB;0;0
SRVG77;JUANITA;U9;US2;7140;BE;FOB;0;0
SRVG81;JUANITA;U9;US2;7141;BE;FOB;0;0
SRVG83;JUANITA;U9;US2;7142;BE;FOB;0;0
SRVG86;JUANITA;U9;US2;7143;BE;FOB;0;0
SRVG88;JUANITA;U9;US2;7144;BE;FOB;0;0
SRVG91;JUANITA;U9;US2;7145;BE;FOB;0;0
SRVG92;JUANITA;U9;US2;7146;BE;FOB;0;0
SRVG94;JUANITA;U9;US2;7147;BE;FOB;0;0
SRVG98;JUANITA;U9;US2;7148;BE;FOB;0;0
SRVH10;JUANITA;U9;US2;7149;BE;FOB;0;0
SRVH11;JUANITA;U9;US2;7150;BE;FOB;0;0
SRVH13;JUANITA;U9;US2;7151;BE;FOB;0;0
SRVH19;JUANITA;U9;US2;7152;BE;FOB;0;0
SRVH22;JUANITA;U9;US2;7153;BE;FOB;0;0
SRVH45;JUANITA;U9;US2;7154;BE;FOB;0;0
SRVH71;JUANITA;U9;US2;7155;BE;FOB;0;0
SRVH73;JUANITA;U9;US2;7156;BE;FOB;0;0
SRVJ34;JUANITA;U9;US2;7157;BE;FOB;0;0
SRVJ39;JUANITA;U9;US2;7158;BE;FOB;0;0
SRVJ43;JUANITA;U9;US2;7159;BE;FOB;0;0
SRVJ55;JUANITA;U9;US2;7160;BE;FOB;0;0
SRVJ64;JUANITA;U9;US2;7161;BE;FOB;0;0
SRVJ78;JUANITA;U9;US2;7162;BE;FOB;0;0
SRVJ82;JUANITA;U9;US2;7163;BE;FOB;0;0
SRVJ90;JUANITA;U9;US2;7164;BE;FOB;0;0
SRVK11;JUANITA;U9;US2;7165;BE;FOB;0;0
SRVK42;JUANITA;U9;US2;7166;BE;FOB;0;0
SRVK61;JUANITA;U9;US2;7167;BE;FOB;0;0
SRVK90;JUANITA;U9;US2;7168;BE;FOB;0;0
SRVK97;JUANITA;U9;US2;7169;BE;FOB;0;0
SRVL11;JUANITA;U9;US2;7170;BE;FOB;0;0
SRVL15;JUANITA;U9;US2;7171;BE;FOB;0;0
SRVL21;JUANITA;U9;US2;7172;BE;FOB;0;0
SRVL24;JUANITA;U9;US2;7173;BE;FOB;0;0
SRVL25;JUANITA;U9;US2;7174;BE;FOB;0;0
SRVL35;JUANITA;U9;US2;7175;BE;FOB;0;0
SRVL40;JUANITA;U9;US2;7176;BE;FOB;0;0
SRVL45;JUANITA;U9;US2;7177;BE;FOB;0;0
SRVL72;JUANITA;U9;US2;7178;BE;FOB;0;0
SRVL75;JUANITA;U9;US2;7179;BE;FOB;0;0
SRVL78;JUANITA;U9;US2;7180;BE;FOB;0;0
STHC57;JUANITA;U9;US2;7181;BE;FOB;0;0
STHC95;JUANITA;U9;US2;7182;BE;FOB;0;0
STHD12;JUANITA;U9;US2;7183;BE;FOB;0;0
STHD50;JUANITA;U9;US2;7184;BE;FOB;0;0
STHD26;JUANITA;U9;US2;7185;BE;FOB;0;0
STHF36;JUANITA;U9;US2;7186;BE;FOB;0;0
STHF56;JUANITA;U9;US2;7187;BE;FOB;0;0
STHF57;JUANITA;U9;US2;7188;BE;FOB;0;0
STHF67;JUANITA;U9;US2;7189;BE;FOB;0;0
STHF69;JUANITA;U9;US2;7190;BE;FOB;0;0
TXZH40;JUANITA;U9;US2;7191;BE;FR;0;0
TXZH41;JUANITA;U9;US2;7192;BE;FR;0;0
TXZH42;JUANITA;U9;US2;7193;BE;FR;0;0
TXZH43;JUANITA;U9;US2;7194;BE;FR;0;0
TXZH44;JUANITA;U9;US2;7195;BE;FR;0;0
TXZH45;JUANITA;U9;US2;7196;BE;FR;0;0
